число вхождений,слово
97,германн
65,её
53,графиня
50,свой
48,иван
47,лизавета
45,сказать
36,карта
30,один
28,это
25,отвечать
23,человек
22,рука
22,она
22,молодая
22,который
21,мочь
20,чекалинский
20,самый
19,томский
19,весь
19,ваш
18,сидеть
16,увидеть
16,стать
16,комната
16,знать
16,бабушка
15,письмо
15,очень
15,карета
15,иметь
15,думать
14,старый
14,старуха
14,слово
14,день
13,стоялый
13,дверь
13,время
12,офицер
12,окошко
12,дом
12,войти
11,часы
11,улица
11,минута
11,лестница
11,другой
11,дама
11,говорить
11,глаз
10,туз
10,тайна
10,семёрка
10,остаться
10,он
10,мой
10,деньга
10,голова
9,хотеть
9,тройка
9,тот
9,стол
9,спросить
9,несколько
9,метать
9,лицо
9,играть
9,девушка
9,два
9,год
8,явиться
8,спальня
8,смотреть
8,продолжать
8,поставить
8,открыть
8,около
8,нарум
8,найти
8,игрок
8,ещё
8,выйти
8,взглянуть
7,час
7,услышать
7,умереть
7,такой
7,сердце
7,роман
7,работа
7,передний
7,остановиться
7,ожидать
7,образ
7,никто
7,нея
7,молодой
7,место
7,инженер
7,игра
7,записка
7,домой
7,воображение
7,возвратиться
7,быть
7,бедный
7,бал
6,холодный
6,ужасный
6,тихо
6,смерть
6,пять
6,представить
6,поклониться
6,обыкновение
6,новый
6,мёртвый
6,лизанька
6,кто
6,идти
6,жизнь
6,душа
6,дать
6,голос
6,встать
6,воспитанница
6,взять
6,вечер
6,барышня
5,чувствовать
5,чувство
5,чаплицкий
5,тысяча
5,ты
5,тотчас
5,сын
5,сен
5,решиться
5,пяльцы
5,пройти
5,приятель
5,принять
5,приехать
5,послать
5,пора
5,понтировать
5,подумать
5,подойти
5,поднять
5,перестать
5,отойти
5,оставить
5,окно
5,однажды
5,ночь
5,налево
5,назначить
5,книга
5,казалось
5,к
5,жермен
5,долго
5,дело
5,делать
5,гость
5,гостиный
5,голов
5,вынуть
5,выиграть
5,бог
4,ширма
4,шестьдесят
4,швейцар
4,чёрный
4,утро
4,успеть
4,улыбка
4,удивительный
4,угол
4,три
4,трепет
4,требование
4,тело
4,тайный
4,старинный
4,сон
4,совесть
4,снова
4,слыхать
4,случай
4,скоро
4,сильный
4,сесть
4,сени
4,семь
4,село
4,свеча
4,свет
4,сам
4,родственник
4,разговор
4,против
4,проиграть
4,привезти
4,пошлый
4,покойница
4,показаться
4,подать
4,пиковый
4,париж
4,очутиться
4,отыграться
4,отворить
4,однако
4,одетый
4,необходимый
4,неделя
4,начало
4,наряд
4,направо
4,наклонить
4,назад
4,надобный
4,надеяться
4,надежда
4,мужчина
4,молодость
4,мимо
4,мать
4,маленький
4,лишний
4,кровать
4,кресло
4,карман
4,каждый
4,кабинет
4,знак
4,знаете
4,закричать
4,желать
4,душить
4,домашний
4,должный
4,двенадцать
4,давно
4,губа
4,глядеть
4,глубокий
4,всякий
4,вопрос
4,внук
4,видеть
4,вид
4,ветер
4,бледный
4,билет
4,анекдот
4,maman
4,grand
3,этот
3,шутка
3,шляпа
3,холодное
3,хозяин
3,ходить
3,учтивый
3,ум
3,улыбнуться
3,узнать
3,уверять
3,уборный
3,тёмный
3,требовать
3,товарищ
3,танцевать
3,талья
3,счастие
3,ступень
3,странный
3,стоять
3,сто
3,стасовать
3,старое
3,ставить
3,сряду
3,спать
3,состояние
3,сорок
3,сойти
3,советник
3,совершенно
3,снять
3,снег
3,смеяться
3,слышать
3,слуга
3,сложить
3,слеза
3,славный
3,сколько
3,сей
3,сделать
3,свидание
3,рассказать
3,раздеваться
3,прямо
3,прочий
3,просьба
3,простить
3,просить
3,проигрыш
3,прислать
3,приобрести
3,прежний
3,представиться
3,почему
3,портрет
3,поразить
3,помочь
3,полный
3,покрыть
3,позволить
3,пожалуйста
3,подняться
3,погода
3,побежалый
3,платье
3,пистолет
3,писать
3,петербург
3,переписка
3,пароль
3,отослать
3,открытый
3,ответ
3,опомниться
3,оно
3,обои
3,нога
3,нечего
3,некоторый
3,написать
3,мысль
3,молчать
3,молча
3,мода
3,мера
3,любовь
3,любезный
3,лечь
3,кругом
3,крайний
3,коридор
3,княжна
3,какой
3,излишний
3,изволить
3,известный
3,замечательный
3,заметить
3,женщина
3,долг
3,диван
3,денщик
3,дедушка
3,грудь
3,граф
3,глухой
3,выходить
3,вынести
3,выигрыш
3,выигрывать
3,воротиться
3,возразить
3,внимание
3,вместе
3,вероятно
3,верный
3,верить
3,вели
3,бросить
3,брать
3,бояться
3,больший
3,богатый
3,благодарить
3,биться
3,бел
3,банковый
3,атанде
3,que
3,paul
2,щека
2,шутить
2,шуба
2,штофный
2,шитый
2,шевелиться
2,шаркать
2,чрезвычайно
2,читать
2,чистый
2,четыре
2,четверть
2,честной
2,чепца
2,чепец
2,чаять
2,церковь
2,цена
2,цвета
2,хороший
2,хлопоты
2,форточка
2,фонарь
2,фараон
2,уходить
2,ухо
2,устремить
2,усопший
2,умолять
2,умолкнуть
2,уметь
2,ужасать
2,ужас
2,уехать
2,удостовериться
2,угрызение
2,убрать
2,убирать
2,убийца
2,туфля
2,туалет
2,трубка
2,толк
2,тихий
2,твёрдый
2,твёрдость
2,твой
2,сходство
2,ступать
2,стук
2,строка
2,стройный
2,строгий
2,стоящий
2,сторона
2,стоить
2,стена
2,становиться
2,спрашивать
2,справа
2,спокойный
2,спешить
2,спасть
2,составить
2,соника
2,согласие
2,сношение
2,смутиться
2,смиренный
2,слушать
2,слишком
2,следующий
2,следовать
2,слева
2,сильно
2,сила
2,семьдесят
2,сегодня
2,сделаться
2,свойственный
2,свежий
2,садиться
2,русский
2,румяный
2,румянец
2,роза
2,ровесница
2,решительно
2,ребёнок
2,расчётливый
2,рассказывать
2,раскаяние
2,разорвать
2,раздеться
2,раздаться
2,раз
2,равнодушие
2,пётр
2,пятьдесят
2,пьяный
2,пышный
2,пугаться
2,прошлый
2,прочитать
2,прочесть
2,проснуться
2,прогулка
2,провести
2,пробить
2,причина
2,принимать
2,принести
2,приказать
2,привычка
2,преследование
2,прервать
2,правнук
2,почтенный
2,поцеловать
2,похороны
2,потеря
2,потаённый
2,постарелый
2,понимать
2,помнить
2,поминутно
2,получать
2,положить
2,положение
2,полина
2,полагать
2,пол
2,покойный
2,покатиться
2,пойти
2,поздно
2,позволять
2,позвать
2,пожать
2,поехать
2,подъезд
2,подле
2,подействовать
2,подбежать
2,погрузить
2,плащ
2,плакать
2,печальный
2,перчатка
2,переддом
2,память
2,павел
2,официант
2,отсутствие
2,отроду
2,отправиться
2,отец
2,отвориться
2,осветиться
2,осветить
2,орлеанский
2,описать
2,они
2,оживиться
2,одеваться
2,огненный
2,овладеть
2,общество
2,обряд
2,обедать
2,ночное
2,нищета
2,никакой
2,нечаянно
2,неуважение
2,нетерпение
2,несмотря
2,неподвижно
2,необыкновенный
2,ненастный
2,немецкий
2,немец
2,неизъяснимый
2,незнакомый
2,независимость
2,наш
2,находиться
2,нахмуриться
2,настоящий
2,насилу
2,нарумов
2,наружность
2,народ
2,напоминать
2,наполнить
2,наполеон
2,наобум
2,намерение
2,навзничь
2,мы
2,мучительный
2,муж
2,мота
2,многочисленный
2,милый
2,милость
2,миллион
2,мел
2,матушка
2,матерь
2,мамзель
2,маленькая
2,мазурка
2,любовница
2,лента
2,лежалый
2,ласково
2,лампада
2,лампа
2,лакей
2,лавка
2,крыльцо
2,красавица
2,кончиться
2,конногвардеец
2,комод
2,коли
2,кокетничать
2,князь
2,княгиня
2,ключ
2,кипа
2,кафтан
2,катафалк
2,капот
2,капитал
2,камердинер
2,каков
2,казаться
2,кажется
2,испугаться
2,иной
2,иначе
2,изображать
2,злодейство
2,зеркало
2,земля
2,зелёный
2,здравствовать
2,звать
2,затрепетать
2,заставить
2,запереть
2,заниматься
2,занимать
2,зал
2,закладывать
2,задуматься
2,загнуть
2,заглушить
2,жёлтый
2,жить
2,жертвовать
2,жениться
2,желание
2,ждать
2,жалование
2,есть
2,душенька
2,дорого
2,долее
2,долговременный
2,долгий
2,довольный
2,довольно
2,доверенность
2,длинный
2,дверца
2,двадцать
2,дарья
2,гроб
2,грех
2,графинина
2,графин
2,готовый
2,господин
2,город
2,горничный
2,головка
2,гнуть
2,герцог
2,выслушать
2,выражение
2,выбрать
2,входить
2,вспомнить
2,вслух
2,вскоре
2,впредь
2,воля
2,вольтеров
2,волновать
2,волнение
2,военный
2,вист
2,видимо
2,взор
2,взойти
2,вечный
2,вечером
2,ветреный
2,вести
2,велеть
2,век
2,вбежать
2,будочник
2,бродить
2,большой
2,близкий
2,беспокойство
2,беречь
2,бальный
2,ассигнация
2,англичанин
2,александр
2,vis
2,plus
2,m
2,la
2,ii
2,de
2,a
1,ярко
1,язык
1,являться
1,я
1,этикет
1,эпизод
1,эликсир
1,экипаж
1,эгоизм
1,щёлка
1,шёпотом
1,шёпот
1,шумный
1,шпион
1,шпилька
1,шляпка
1,шить
1,ширм
1,шесть
1,шепнуть
1,шевелить
1,шведенборг
1,шарлатан
1,шар
1,шандал
1,шампанский
1,шалость
1,шагом
1,шаг
1,чулок
1,чужой
1,чужое
1,чуждый
1,чудовище
1,чудный
1,чудесный
1,чудак
1,чувствование
1,что
1,чтить
1,чрез
1,чорт
1,число
1,четверо
1,честь
1,честолюбивый
1,черта
1,черноволосый
1,чередом
1,червонный
1,червонец
1,челядь
1,человеческий
1,чей
1,часто
1,церемониться
1,целый
1,целое
1,целовать
1,цвет
1,цвести
1,царствовать
1,худощавый
1,худо
1,христианский
1,хотя
1,хозяйка
1,хлопья
1,хлопнуть
1,хлеб
1,хладнокровие
1,хватать
1,фрейлина
1,фортуна
1,фон
1,философский
1,физический
1,фижмы
1,федот
1,фарфоровый
1,фантастический
1,учредиться
1,участь
1,участница
1,участие
1,участвовать
1,утроить
1,утопленник
1,утопить
1,утолить
1,усыпать
1,устремиться
1,установленный
1,успение
1,усовестить
1,уснуть
1,усмехнуться
1,услужить
1,услуга
1,усилие
1,усемерить
1,уродливый
1,упрочить
1,упрекать
1,управитель
1,употребить
1,упорный
1,упиваться
1,упасть
1,уняться
1,умирать
1,умилительный
1,умеренность
1,улыбаться
1,укутать
1,украшение
1,украсить
1,указывать
1,узнавать
1,узкий
1,узенький
1,ужинать
1,ужасно
1,уединённый
1,удостоить
1,удостаивать
1,удивиться
1,удивительно
1,удвоить
1,удачно
1,удаться
1,удалиться
1,угольный
1,уголок
1,угловой
1,угадывать
1,угадать
1,увядший
1,увиваться
1,увеселение
1,уверить
1,уверенный
1,уважение
1,убитый
1,убедить
1,тянуться
1,тяжёлый
1,тяжело
1,тщеславие
1,тутень
1,тускло
1,трястись
1,трудолюбие
1,трогательный
1,триста
1,тридцать
1,треугольный
1,трепетать
1,тревожить
1,требоваться
1,траур
1,трактир
1,тощий
1,точно
1,торчать
1,торопливый
1,торжественность
1,толстой
1,толпа
1,тихонько
1,тигр
1,тесный
1,тесниться
1,терзаться
1,теплиться
1,темно
1,твёрдо
1,твердить
1,таскаться
1,таков
1,таки
1,также
1,таить
1,таинство
1,таинственность
1,табакерка
1,сюртук
1,сыпаться
1,счёты
1,счёт
1,счастливый
1,счастливец
1,сцена
1,сходствовать
1,сходить
1,схватить
1,существовать
1,сутки
1,суровый
1,сурина
1,супруга
1,сумма
1,суетный
1,суетность
1,судьба
1,стыдно
1,ступить
1,стул
1,строго
1,страшный
1,страсть
1,страстный
1,страстие
1,страница
1,страдать
1,столь
1,столовый
1,столик
1,столетие
1,столбняк
1,стиснуть
1,статься
1,статский
1,старость
1,старательно
1,стакан
1,средство
1,спуститься
1,спрятать
1,способность
1,способ
1,спонтировать
1,спокойствие
1,сплести
1,спасать
1,спальная
1,сохранять
1,составиться
1,соскочить
1,сорвать
1,сопрячь
1,сопровождать
1,создание
1,сожалеть
1,содержимый
1,совершиться
1,совершенный
1,собраться
1,соболий
1,соблазниться
1,соблазн
1,собираться
1,снисходительный
1,снисходительно
1,сметь
1,смелый
1,случиться
1,служить
1,служба
1,слиться
1,слепой
1,слегка
1,славно
1,слава
1,слабо
1,скучный
1,скуп
1,скрыться
1,скрытый
1,скрытный
1,скрывать
1,скорый
1,скользнуть
1,ский
1,сквозь
1,сквозной
1,скамеечка
1,сказывать
1,сказка
1,сиятельство
1,симметрия
1,сжалиться
1,сеять
1,серебряный
1,серебро
1,сердиться
1,сердито
1,сергей
1,семпель
1,седок
1,седина
1,седа
1,сгорбить
1,святыня
1,святой
1,своенравный
1,свидетель
1,свечка
1,светский
1,светло
1,светить
1,сверкать
1,сбить
1,сахара
1,саратовский
1,самолюбивый
1,сама
1,сальный
1,ряд
1,рюмка
1,рыхлый
1,руте
1,рулетка
1,ротмистр
1,ропот
1,романтический
1,роль
1,роковой
1,розить
1,родственница
1,род
1,ровно
1,ришелье
1,решить
1,редко
1,ребячиться
1,рвать
1,расчёт
1,расчесться
1,расход
1,рассчитать
1,рассуждение
1,рассуждать
1,расстроить
1,рассеянный
1,рассеянность
1,рассеянно
1,рассердить
1,рассветать
1,распухнуть
1,распорядиться
1,располагать
1,расплатиться
1,распечатать
1,раскрой
1,разъехаться
1,разрумянить
1,разрешение
1,разойтись
1,разный
1,разница
1,размышление
1,различный
1,разливать
1,разжиреть
1,разглядеть
1,развалиться
1,разбойник
1,ради
1,пятница
1,пушкин
1,пуховый
1,путешествие
1,пустой
1,пузатый
1,пудрить
1,пугать
1,публика
1,прощение
1,прощаться
1,прощать
1,процент
1,прохожий
1,проходить
1,профиль
1,протягивать
1,противу
1,просунуть
1,простой
1,просиживать
1,проподняться
1,пропасть
1,промотать
1,пролить
1,прокрадываться
1,прокладка
1,происходить
1,произнести
1,произвести
1,проигрываться
1,проигрывать
1,прозвонить
1,прогуляться
1,проготовление
1,проворство
1,пробраться
1,пробежать
1,прищуриться
1,прищуриваться
1,прищуривать
1,пришлый
1,причесать
1,прихоть
1,приходить
1,притязание
1,пристрастие
1,прислониться
1,природа
1,припоминать
1,приподняться
1,приподнять
1,приняться
1,принц
1,приличие
1,прийти
1,признаться
1,признание
1,прижимать
1,приезжать
1,пригрезиться
1,приготовиться
1,привлекать
1,привести
1,прибор
1,приблизиться
1,приближение
1,прибегнуть
1,прехолодный
1,престарелый
1,преследовать
1,препятствие
1,пренесчастный
1,прельщать
1,прелесть
1,представляться
1,председательство
1,предрассудок
1,предпочитать
1,предполагать
1,предлагать
1,предвидеть
1,превосходительство
1,право
1,праведница
1,пощёчина
1,почтительно
1,похожий
1,похоже
1,походка
1,потянуть
1,поступок
1,поступить
1,постичь
1,пост
1,поспешность
1,поспешно
1,посоветоваться
1,посмотреть
1,посмеяться
1,послушать
1,последний
1,посланник
1,посетитель
1,поседеть
1,порядочный
1,порядок
1,порошковый
1,попробовать
1,поправить
1,понять
1,понтёр
1,помышление
1,помощница
1,помнится
1,помешать
1,померкнуть
1,получить
1,полунощный
1,полосатый
1,половина
1,полмиллиона
1,полинялый
1,поледенеть
1,полгода
1,покрывало
1,покорный
1,покоить
1,поклон
1,показывать
1,пока
1,позолота
1,поздравить
1,поздний
1,позволение
1,пожелать
1,пожалуй
1,пожаловать
1,поединок
1,подымать
1,подъехать
1,подходить
1,подхватить
1,подушка
1,подруга
1,подробный
1,подписать
1,подножка
1,поднимать
1,подмосковный
1,подвинуть
1,подбиться
1,податься
1,подавать
1,погодить
1,поглядеть
1,погасить
1,повторить
1,повесть
1,повертеться
1,повернуться
1,поведение
1,повар
1,побочный
1,побледнеть
1,побежать
1,победитель
1,плотно
1,плечо
1,пленять
1,плач
1,платёж
1,пламенный
1,пить
1,письменный
1,писаный
1,печка
1,печать
1,перо
1,перенять
1,передать
1,перевести
1,первое
1,пе
1,паук
1,пастушка
1,парик
1,паперть
1,падать
1,пагуба
1,ощупать
1,ошибка
1,ошибиться
1,очаровать
1,охота
1,охладить
1,отчаянный
1,отчаяние
1,отцовский
1,отсылать
1,отсчитать
1,отставка
1,отписывать
1,отпирать
1,отпереть
1,отпевать
1,отомстить
1,отозваться
1,отлюбить
1,отложить
1,отлепливать
1,отколоть
1,отказаться
1,отказать
1,отживший
1,отереть
1,отгибать
1,отвязывать
1,отвратительный
1,отвислый
1,осьмидесятилетний
1,осчастливить
1,оступиться
1,острый
1,остричь
1,останавливаться
1,особа
1,оскорбить
1,освещать
1,орлиный
1,оратор
1,опытность
1,опуститься
1,опустить
1,опустеть
1,опускать
1,оправдание
1,опасный
1,окружать
1,оклеить
1,оканчивать
1,окаменеть
1,окаменелый
1,оказывать
1,оказать
1,означать
1,озарять
1,озарить
1,ожидание
1,оживлённый
1,одолжение
1,одной
1,огромный
1,огонь
1,обыкновенный
1,обыкновенно
1,объяснение
1,объявить
1,обуховский
1,обступить
1,обстоятельство
1,обрусеть
1,обрести
1,обратиться
1,обратить
1,оборот
1,обольщение
1,обогащение
1,обморок
1,обкрадывать
1,обить
1,обежать
1,обед
1,обдёрнуться
1,нынче
1,нынешний
1,нумера
1,нужный
1,нужно
1,нравственный
1,ночью
1,ночной
1,носить
1,нос
1,новорождённый
1,новое
1,ничто
1,никак
1,низкий
1,нечто
1,нехотя
1,неусловленный
1,несчастливый
1,несносно
1,нескромный
1,неравнодушный
1,непременно
1,непреклонность
1,непонятный
1,непоколебимый
1,неподвижный
1,неосторожный
1,необыкновенно
1,необходимость
1,необузданный
1,необдуманный
1,немой
1,немногий
1,немилость
1,немецк
1,немедленно
1,некогда
1,неизменный
1,незаслуженный
1,незаметно
1,нежный
1,нежно
1,нежели
1,недолго
1,недовольный
1,недоброжелательность
1,недвижимый
1,невпопад
1,невольный
1,невозвратный
1,невнимание
1,невеста
1,неведомый
1,начисто
1,начинать
1,начаться
1,нахлынуть
1,наум
1,наступать
1,наставница
1,наставление
1,насмешливо
1,наследство
1,наряжаться
1,напудрить
1,например
1,направить
1,наперерыв
1,наклонясь
1,наклониться
1,наказание
1,нажить
1,наедине
1,надписать
1,надгробный
1,наглый
1,набросать
1,наблюдать
1,мушка
1,мучиться
1,мученица
1,мутный
1,мундир
1,мрачный
1,мочить
1,мостовый
1,мост
1,москва
1,мороженое
1,монгольфьеров
1,монастырь
1,молчание
1,молодёжь
1,молоденький
1,мокрый
1,модный
1,могила
1,множество
1,мирный
1,мирандоль
1,мир
1,минувший
1,мечтательница
1,мефистофель
1,метр
1,месмеров
1,менее
1,мелькнуть
1,мелькать
1,мелкий
1,медный
1,медленно
1,мгновенно
1,мало
1,мазурочный
1,магнетизм
1,лёгкое
1,любопытство
1,любопытный
1,любовник
1,любить
1,любезность
1,луна
1,лукавый
1,личико
1,лихорадочный
1,лимонад
1,лиза
1,ласковость
1,куш
1,кусочек
1,курить
1,кстати
1,кружевной
1,круг
1,крест
1,крепко
1,крашеный
1,красота
1,краска
1,кофта
1,коротко
1,короткий
1,коробочка
1,коробка
1,кормилица
1,кончить
1,кончина
1,конец
1,кондитерский
1,кома
1,колода
1,колесо
1,колено
1,кляча
1,клясться
1,класть
1,клад
1,китайский
1,кивот
1,качаться
1,качание
1,катиться
1,касаться
1,карточный
1,картавить
1,каретник
1,канва
1,каморка
1,камергер
1,камень
1,казанов
1,кавалерист
1,кабалистика
1,ка
1,итак
1,исчезнуть
1,история
1,истлеть
1,истинный
1,истинно
1,истина
1,испуганный
1,испуг
1,испросить
1,исполнить
1,искать
1,интрига
1,инженерный
1,имя
1,илья
1,изъясниться
1,изредка
1,изобретатель
1,изобрести
1,изобразить
1,изображение
1,изображаться
1,измениться
1,издержать
1,извиниться
1,извинить
1,избаловать
1,избавить
1,избавитель
1,из
1,идея
1,игрушка
1,игрецкий
1,ибо
1,зуб
1,зоричать
1,золотой
1,золото
1,знатный
1,знакомство
1,злой
1,зимний
1,зеркальце
1,земь
1,зевнуть
1,звонить
1,звезда
1,зачесать
1,захлопнуться
1,затянуться
1,засуетиться
1,застрелиться
1,застать
1,заспанный
1,заснуть
1,заслужить
1,заслоняться
1,заслонить
1,засветить
1,зарядить
1,зарониться
1,запоздалый
1,заплатить
1,заплакать
1,заплаканный
1,записывать
1,записать
1,запечатать
1,запачкать
1,заняться
1,занятый
1,замуж
1,замолчать
1,замеялася
1,замечать
1,замечание
1,зала
1,закусить
1,закурить
1,закрыть
1,заключение
1,закивать
1,загребать
1,заглянуть
1,загибать
1,завлечь
1,зависимость
1,забыть
1,забывать
1,заблуждение
1,забиться
1,жизненный
1,жид
1,живой
1,живо
1,жестокость
1,жестокий
1,жених
1,железный
1,жаловаться
1,жалкий
1,ельник
1,елецкий
1,ездить
1,дядя
1,дьявольский
1,дуясь
1,дружески
1,дружба
1,дошлый
1,доставить
1,дорога
1,доплачивать
1,допилить
1,доложить
1,докликаться
1,доказывать
1,доказать
1,дождь
1,дождаться
1,догорать
1,договор
1,добудиться
1,добродушие
1,добиться
1,днём
1,длиться
1,дипломатический
1,десять
1,дерзость
1,дерзкий
1,держать
1,деревня
1,денежный
1,демонский
1,действие
1,девять
1,девятка
1,девяносто
1,девка
1,девичий
1,дворецкий
1,двор
1,двинуться
1,движение
1,двести
1,данте
1,дамский
1,дальний
1,дальнейший
1,далеко
1,давить
1,гуляние
1,грянуться
1,груда
1,громкий
1,грозно
1,гремучий
1,графинино
1,грандифлора
1,готовиться
1,готический
1,государыня
1,госпожа
1,горячиться
1,горячить
1,горько
1,горький
1,горечь
1,горесть
1,горелый
1,горе
1,гораздо
1,голый
1,говорят
1,говор
1,глубоко
1,главный
1,герой
1,германнов
1,гербовый
1,генералов
1,генерал
1,гегоу
1,гальванизм
1,гадательный
1,вытягиваться
1,выть
1,вытребовать
1,выстрел
1,высокий
1,высматривать
1,высказать
1,выражаться
1,выражать
1,выпить
1,выпасть
1,вынудить
1,выжить
1,выдавать
1,выговор
1,вывести
1,вывеска
1,вчерашний
1,вчерася
1,встречаться
1,встретиться
1,встретить
1,вспыхнуть
1,вслушиваться
1,всегдашний
1,вручить
1,вредный
1,вредить
1,вперёд
1,впервые
1,впасть
1,восторг
1,воспользоваться
1,воспитываться
1,вослед
1,восклицание
1,восемьдесят
1,воротник
1,ворот
1,вообще
1,вообразить
1,волочиться
1,волос
1,волокитство
1,воидти
1,возобновить
1,возмутить
1,возможный
1,возвращаться
1,возвращать
1,возвратить
1,вовсе
1,внятный
1,внутренний
1,вниз
1,вместо
1,влюбить
1,влияние
1,витой
1,витать
1,вита
1,висок
1,висеть
1,виноватый
1,вино
1,видение
1,видалый
1,вздрогнуть
1,вздохнуть
1,вздор
1,взгляд
1,взбежать
1,весёлость
1,весело
1,версаль
1,верно
1,вера
1,величественный
1,великолепный
1,велено
1,вексель
1,веер
1,ведьма
1,ведущий
1,ведать
1,вдохновенный
1,вводить
1,варварство
1,ванька
1,валет
1,важный
1,быстрый
1,быстроглазый
1,бывший
1,бунтовать
1,бумага
1,булавка
1,броситься
1,ботфорт
1,бормотать
1,больница
1,болтовня
1,болеть
1,бодрствовать
1,богатство
1,бобров
1,блистать
1,блаженство
1,благославить
1,благой
1,благодетельница
1,благодаря
1,благодарный
1,бишь
1,бить
1,бесчувственность
1,бессонница
1,беспрестанно
1,беспорядок
1,беспокоить
1,бесконечный
1,бережливость
1,белый
1,безответный
1,безобразный
1,бежать
1,бегло
1,бегать
1,башмак
1,батюшка
1,барыня
1,бархатный
1,барский
1,баронесса
1,банкомёт
1,банка
1,банк
1,балдахин
1,бабушкин
1,ахнуть
1,атласный
1,архитектура
1,архиерей
1,аппетит
1,анна
1,ангел
1,алкать
1,автор
1,аu
1,vus
1,vous
1,voulez
1,vite
1,vi
1,venus
1,v
1,une
1,suivantes
1,sont
1,sans
1,sams
1,royal
1,religion
1,reine
1,regret
1,quatre
1,puis
1,pourles
1,parait
1,pages
1,oubli
1,ou
1,oiseau
1,oh
1,ne
1,moscovite
1,monsieur
1,mon
1,me
1,mceurs
1,mai
1,mademoiselle
1,madame
1,lise
1,lire
1,lettres
1,les
1,lebrun
1,l
1,jour
1,jeu
1,je
1,iv
1,iii
1,i
1,homme
1,fraiches
1,et
1,est
1,elles
1,ecrivez
1,des
1,decidement
1,bon
1,ange
1,affectation
